<?xml version="1.0" encoding="UTF-8" standalone="no"?><story>
  <level id="1">
    <text>Le concert allait commencer. Roadie avait pris soin de se retrouver à côté de la barrière, tout devant, pour voir l'un de ses groupe préféré.
Comme prévu, le concert était épique. Lorsque le moment du refrain de la musique phare commença, Raodie se retrouva presque malgré lui au milieu d'un cricle pit.
Peu importe la direction où Roadie regardait, il ne voyait qu'un ensemble flou de la foule se déplaçant à toute vitesse. Il était impossible de distinguer un individu en particulier.
Cette vision mélangée à la musique démentielle formaient un cocktail étrange, presque un rêve, une vision onirique de l'enfer.
Roadie se sentait transporté, tout commençait à devenir flou, même lorsqu'il regardait la scène. Les musiciens étant devenus des diables de feus.
Sous ses pieds, le sol tremblant commença à se fissurer. Le centre du circle pit s'effondra jusqu'à ne laisser qu'un cratère de flamme.
Roadie chutait, jusqu'à arriver dans un endroit qui lui était inconnu.</text>
    <doable>true</doable>
    <nbsteps>0</nbsteps>
  </level>
  <level id="2">
    <text>Roadie commençait a distinguer plus clairement ce qui l'entourait.
Son environnement se transformait, de solide précise à feu liquide indistinct. Le laissant même, l'espace de quelques secondes, à nouveau dans une chute à travers un colonne de flamme.
Jusqu'à ce que le feu se matérialisa à nouveau en matière bien identifiable.</text>
    <doable>false</doable>
    <nbsteps>0</nbsteps>
  </level>
  <level id="3">
    <text>Il ignorait comment il pouvait le savoir, mais il savait qu'il était au coeur même du metal, et tout ce qu'il touchait était l'essence même de quelque chose.
Quelque chose manquait dans ce plan de l'existence. Une mécanique était interrompue.
Roadie devait s'en charger.</text>
    <doable>false</doable>
    <nbsteps>0</nbsteps>
  </level>
  <level id="4">
    <text>Tout ce qui entourait Roadie pulsait sous un rythme démoniaque. Ce rythme était un semblant déformé de ce que devait être une musique de son groupe préféré, duquel concert il a été arraché.
Roadie pouvait l'entendre, pas avec son ouïe, mais directement comme si on parlait à son âme.
</text>
    <doable>false</doable>
    <nbsteps>0</nbsteps>
  </level>
  <level id="5">
    <text>En interagissant avec son entourage, Roadie modifiait le rythme aux origines inconnues qui le faisait vibrer.
Roadie avait le pouvoir de le rendre plus intense et plus harmonieux.</text>
    <doable>false</doable>
    <nbsteps>0</nbsteps>
  </level>
  <level id="6">
    <text>"C'est donc ici que se fait la différence entre un bon et un mauvais concert" se dit Roadie, avant d'entrer -ou peut être d'être transporté- dans une nouvelle zone.</text>
    <doable>false</doable>
    <nbsteps>0</nbsteps>
  </level>
  <level id="7">
    <text>La connexion que Roadie avait avec son environnement était si forte qu'il pouvait désormais créer ses propres rythme.
Il ne se contentait plus d'arranger des rythmes que cet étrange lieu lui présentait. Il en créait des nouveaux.</text>
    <doable>false</doable>
    <nbsteps>0</nbsteps>
  </level>
  <level id="8">
    <text>C'est en forgeant de nouveaux sons, de nouveaux rythmes, de nouvelles musiques que Roadie se rendit compte de quelque chose.
Contrairement à son arrivée, il n'arrangeait plus du tout les musiques de son groupe préféré. Celui qui donnait un concert a partir duquel il était arrivé ici.</text>
    <doable>false</doable>
    <nbsteps>0</nbsteps>
  </level>
  <level id="9">
    <text>L'euphorie de la situation commença à laisser place à un sentiment plus stressant quand Roadie, suite à cette prise de [conscience,] essaya de se rendre compte du temps qui passait.
Était-il là depuis une heure, ou une année?</text>
    <doable>false</doable>
    <nbsteps>0</nbsteps>
  </level>
  <level id="10">
    <text>Il fallait sortir d'ici. Quelle distance séparait Roadie de son univers? Cette distance qu'il avait parcouru dans sa chute qui semblait sans fin.
Roadie avait un plan: maintenant qu'il maîtrisait la musique et pouvait en créer à sa guise, il en créerait une si puissante et si intense qu'elle le propulserait jusqu'à l'endroit d'où il venait</text>
    <doable>false</doable>
    <nbsteps>0</nbsteps>
  </level>
</story>
